{
    "family": FAMILY,
    "containerDefinitions": [
        {
            "image": "REPOSITORY_URI:BUILD_NUMBER",
            "name": NAME,
	    "essential": true,
            "portMappings": [
                {
                    "containerPort": 8761,
                    "hostPort": 8761
                }
            ]
        }
    ],
    "cpu": "256",
    "memory": "512",
    "requiresCompatibilities": [
             "FARGATE"
    ],
    "networkMode": "awsvpc",
    "executionRoleArn": ROLE_ARN 
}
